model,accuracy,precision,recall,f1,roc_auc
LightGBM_final,0.9588288476250086,0.969493670886076,0.9561797752808989,0.9627906976744186,0.9943388788821634
