model,accuracy,precision,recall,f1,roc_auc
LightGBM_clean,0.951387440016691,0.9664412402705117,0.9455680399500624,0.9558907048652742,0.992043487013505
