model,accuracy,precision,recall,f1,roc_auc
LightGBM_final_holdout,0.9467278670283051,0.9604627510806001,0.9431960049937578,0.9517510707986898,0.9835657226237654
